item number,timestamp,item,material,supplier,location,season,cost price,sale price,mrp,quality,availability,competitor price,price_difference,price_status,optimized price,total_sales
1,10/22/2024 15:20:18,Cotton saree,Cotton,Emco textiles,Jetpur,Summer,300,330,400,Good,Yes,300,30,Competitive,330.0,295
2,10/22/2024 15:22:35,Blouse piece,Cotton,Shree fabrics,Pali,All time,40,50,70,Good,Yes,999,-949,Underpriced,55.0,91
3,10/22/2024 15:24:56,Lungi,Cotton,Shree Ram textiles,Erode,All time,100,120,150,Good,Yes,949,-829,Underpriced,132.0,139
4,10/22/2024 15:26:32,Saree,Silk,Sri Lakshmi silks,Surat,Marriage,600,700,900,Good,Yes,670,30,Competitive,700.0,108
5,10/22/2024 15:28:47,Churidhar,Cotton,Vasanth textiles,Tirupur,All time,250,300,400,Good,Yes,699,-399,Underpriced,330.0,114
6,10/22/2024 15:30:05,Bedsheet,Cotton,RR Textiles,Surat,All time,180,210,250,Good,Yes,697,-487,Underpriced,231.0,76
7,10/22/2024 15:32:18,Handkerchief,Cotton,Sai Ram fabrics,Tirupur,All time,20,25,40,Good,Yes,369,-344,Underpriced,27.5,84
8,10/22/2024 15:34:06,Saree,Chiffon,Ravi textiles,Surat,All time,400,450,600,Good,Yes,420,30,Competitive,450.0,88
9,10/22/2024 15:36:42,Pillow cover,Cotton,RSN textiles,Erode,All time,30,40,50,Good,Yes,269,-229,Underpriced,44.0,120
10,10/22/2024 15:38:54,Shirt,Cotton,Sri Velavan textiles,Erode,All time,200,230,300,Good,Yes,599,-369,Underpriced,253.0,69
11,10/22/2024 15:41:12,Blouse,Cotton,Sathya textiles,Pali,All time,70,80,100,Good,Yes,389,-309,Underpriced,88.0,122
12,10/22/2024 15:43:25,Kurti,Rayon,Swastik textiles,Jaipur,Winter,320,350,450,Good,Yes,320,30,Competitive,350.0,92
13,10/22/2024 15:45:18,Pajamas,Cotton,Vimal textiles,Ahmedabad,All time,150,170,200,Good,Yes,649,-479,Underpriced,187.0,135
14,10/22/2024 15:47:03,Skirt,Silk,Amrit textiles,Surat,Summer,420,470,550,Good,Yes,440,30,Competitive,470.0,115
15,10/22/2024 15:48:59,Bedsheet,Linen,Sadhna textiles,Jaipur,All time,250,280,350,Good,Yes,697,-417,Underpriced,308.0,120
16,10/22/2024 15:51:01,Towel,Cotton,Sri textiles,Karur,All time,100,110,150,Good,Yes,80,30,Competitive,110.0,96
17,10/22/2024 15:52:43,Dupatta,Georgette,Rajesh textiles,Pali,Summer,180,210,300,Good,Yes,1679,-1469,Underpriced,231.0,55
18,10/22/2024 15:54:18,Saree,Cotton,Amba textiles,Bhagalpur,Winter,300,340,450,Good,Yes,310,30,Competitive,340.0,126
19,10/22/2024 15:56:05,Nighty,Silk,Manav textiles,Surat,All time,400,450,600,Good,Yes,474,-24,Competitive,450.0,123
20,10/22/2024 15:58:22,T-shirt,Cotton,Sri Velavan textiles,Erode,All time,220,250,300,Good,Yes,599,-349,Underpriced,275.0,148
21,10/22/2024 16:00:18,Scarf,Wool,Sharma textiles,Ludhiana,Winter,150,180,220,Good,Yes,1679,-1499,Underpriced,198.0,104
22,10/22/2024 16:02:45,Suit,Linen,Shree fabrics,Surat,All time,500,550,700,Good,Yes,520,30,Competitive,550.0,74
23,10/22/2024 16:04:22,Shawl,Pashmina,Sri Kashmir Handlooms,Srinagar,Winter,1000,1200,1500,Good,Yes,1170,30,Competitive,1200.0,90
24,10/22/2024 16:06:30,Dupatta,Chiffon,Om textiles,Jaipur,All time,180,220,300,Good,Yes,1679,-1459,Underpriced,242.0,126
25,10/22/2024 16:08:05,Socks,Wool,RR textiles,Ludhiana,Winter,50,60,80,Good,Yes,178,-118,Underpriced,66.0,127
26,10/22/2024 16:10:14,Saree,Silk,Balaji textiles,Surat,Marriage,650,700,900,Good,Yes,670,30,Competitive,700.0,77
27,10/22/2024 16:12:38,Jeans,Denim,Denim World,Bangalore,All time,400,450,600,Good,Yes,1649,-1199,Underpriced,495.0,70
28,10/22/2024 16:14:52,Kurta,Cotton,Swastik textiles,Jaipur,Summer,320,350,450,Good,Yes,320,30,Competitive,350.0,98
29,10/22/2024 16:16:45,Jacket,Leather,Leather Craft India,Kanpur,Winter,1500,1700,2000,Good,Yes,899,801,Overpriced,1800.0,377
30,10/22/2024 16:18:30,Towel,Cotton,Sri textiles,Karur,All time,100,120,150,Good,Yes,90,30,Competitive,120.0,78
31,10/22/2024 16:20:18,Bedsheet,Cotton,RR Textiles,Surat,All time,180,220,280,Good,Yes,599,-379,Underpriced,242.0,112
32,10/22/2024 16:22:00,Blouse,Cotton,Shree fabrics,Pali,All time,70,90,120,Good,Yes,389,-299,Underpriced,99.0,70
33,10/22/2024 16:24:05,Skirt,Linen,Royal Fabrics,Ahmedabad,Summer,200,230,260,Good,Yes,329,-99,Underpriced,253.0,76
41,10/22/2024 16:40:25,Kurta,Cotton,Vasanth Textiles,Tirupur,Summer,320,360,450,Good,Yes,330,30,Competitive,360.0,116
42,10/22/2024 16:42:10,Bedsheet,Linen,Sadhna Textiles,Jaipur,All time,250,280,350,Good,Yes,599,-319,Underpriced,308.0,109
43,10/22/2024 16:44:05,T-shirt,Cotton,Sri Velavan Textiles,Erode,All time,220,260,300,Good,Yes,230,30,Competitive,260.0,139
44,10/22/2024 16:46:12,Pajamas,Rayon,Vimal Textiles,Ahmedabad,All time,170,200,250,Good,Yes,649,-449,Underpriced,220.0,59
45,10/22/2024 16:48:25,Dupatta,Silk,Balaji Textiles,Surat,All time,280,320,400,Good,Yes,237,83,Overpriced,336.0,51
46,10/22/2024 16:50:38,Scarf,Cotton,RR Textiles,Surat,Summer,120,150,200,Good,Yes,120,30,Competitive,150.0,79
47,10/22/2024 16:52:52,Nighty,Silk,Manav Textiles,Surat,All time,400,450,600,Good,Yes,1048,-598,Underpriced,495.0,85
48,10/22/2024 16:54:39,Skirt,Chiffon,Ravi Textiles,Surat,All time,300,340,420,Good,Yes,310,30,Competitive,340.0,80
49,10/22/2024 16:56:30,Blouse,Cotton,Shree Fabrics,Pali,All time,80,100,120,Good,Yes,389,-289,Underpriced,110.0,87
50,10/22/2024 16:58:40,Lungi,Cotton,Shree Ram Textiles,Erode,All time,100,130,160,Good,Yes,899,-769,Underpriced,143.0,111
51,10/22/2024 17:00:20,Dupatta,Georgette,Om Textiles,Jaipur,Summer,180,220,300,Good,Yes,1679,-1459,Underpriced,242.0,127
52,10/22/2024 17:02:15,Saree,Chiffon,Ravi Textiles,Surat,All time,400,450,600,Good,Yes,420,30,Competitive,450.0,145
53,10/22/2024 17:04:10,Pillow cover,Cotton,RSN Textiles,Erode,All time,30,40,60,Good,Yes,269,-229,Underpriced,44.0,119
54,10/22/2024 17:06:22,Shirt,Cotton,Sri Velavan Textiles,Erode,All time,200,230,280,Good,Yes,599,-369,Underpriced,253.0,118
55,10/22/2024 17:08:35,Kurta,Rayon,Swastik Textiles,Jaipur,Summer,300,340,400,Good,Yes,310,30,Competitive,340.0,103
56,10/22/2024 17:10:55,Pajamas,Linen,Vimal Textiles,Ahmedabad,All time,200,230,280,Good,Yes,649,-419,Underpriced,253.0,122
57,10/22/2024 17:12:30,Nighty,Cotton,Manav Textiles,Surat,All time,350,400,500,Good,Yes,370,30,Competitive,400.0,103
58,10/22/2024 17:14:12,Bedsheet,Cotton,RR Textiles,Surat,All time,200,240,300,Good,Yes,620,-380,Underpriced,264.0,136
59,10/22/2024 17:16:30,Saree,Silk,Balaji Textiles,Surat,Marriage,600,650,850,Good,Yes,620,30,Competitive,650.0,125
60,10/22/2024 17:18:40,Handkerchief,Cotton,Sai Ram Fabrics,Tirupur,All time,20,30,40,Good,Yes,699,-669,Underpriced,33.0,101
61,10/22/2024 17:20:15,T-shirt,Cotton,Sri Velavan Textiles,Erode,All time,220,250,300,Good,Yes,1399,-1149,Underpriced,275.0,135
62,10/22/2024 17:22:30,Pajamas,Rayon,Vimal Textiles,Ahmedabad,All time,160,180,250,Good,Yes,899,-719,Underpriced,198.0,115
63,10/22/2024 17:24:10,Saree,Silk,Emco Textiles,Jetpur,Marriage,700,750,950,Good,Yes,720,30,Competitive,750.0,103
64,10/22/2024 17:26:05,Lungi,Cotton,Shree Ram Textiles,Erode,All time,100,120,150,Good,Yes,90,30,Competitive,120.0,99
65,10/22/2024 17:28:20,Bedsheet,Cotton,RR Textiles,Surat,All time,180,210,250,Good,Yes,939,-729,Underpriced,231.0,78
66,10/22/2024 17:30:40,Saree,Silk,Sri Lakshmi Silks,Surat,Marriage,650,700,900,Good,Yes,1999,-1299,Underpriced,770.0,58
67,10/22/2024 17:32:12,Blouse,Cotton,Sathya Textiles,Pali,All time,70,90,110,Good,Yes,389,-299,Underpriced,99.0,116
68,10/22/2024 17:34:05,Pillow cover,Cotton,RSN Textiles,Erode,All time,30,40,60,Good,Yes,265,-225,Underpriced,44.0,87
69,10/22/2024 17:36:22,Shirt,Cotton,Sri Velavan Textiles,Erode,All time,200,220,280,Good,Yes,1599,-1379,Underpriced,242.0,98
70,10/22/2024 17:38:35,Blouse,Silk,Shree Fabrics,Pali,All time,120,140,180,Good,Yes,389,-249,Underpriced,154.0,78
71,10/22/2024 17:40:18,Kurta,Cotton,Vasanth Textiles,Tirupur,Summer,320,360,450,Good,Yes,330,30,Competitive,360.0,58
72,10/22/2024 17:42:05,Skirt,Linen,Royal Fabrics,Ahmedabad,Summer,220,250,300,Good,Yes,329,-79,Underpriced,275.0,83
73,10/22/2024 17:44:20,Saree,Chiffon,Ravi Textiles,Surat,All time,400,450,600,Good,Yes,420,30,Competitive,450.0,53
74,10/22/2024 17:46:10,Dupatta,Silk,Balaji Textiles,Surat,All time,280,320,400,Good,Yes,237,83,Overpriced,336.0,57
75,10/22/2024 17:48:25,Lungi,Cotton,Shree Ram Textiles,Erode,All time,100,130,150,Good,Yes,799,-669,Underpriced,143.0,79
76,10/22/2024 17:50:30,Handkerchief,Cotton,Sai Ram Fabrics,Tirupur,All time,20,25,40,Good,Yes,294,-269,Underpriced,27.5,143
77,10/22/2024 17:52:12,Towel,Cotton,Sri Textiles,Karur,All time,100,120,150,Good,Yes,511,-391,Underpriced,132.0,78
78,10/22/2024 17:54:05,Skirt,Rayon,Royal Fabrics,Ahmedabad,Summer,240,280,350,Good,Yes,329,-49,Underpriced,308.0,91
79,10/22/2024 17:56:20,Kurta,Linen,Swastik Textiles,Jaipur,Summer,300,340,450,Good,Yes,310,30,Competitive,340.0,130
80,10/22/2024 17:58:30,Pajamas,Cotton,Vimal Textiles,Ahmedabad,All time,150,170,200,Good,Yes,140,30,Competitive,170.0,118
81,10/22/2024 18:00:15,Bedsheet,Cotton,RR Textiles,Surat,All time,180,210,250,Good,Yes,599,-389,Underpriced,231.0,63
82,10/22/2024 18:02:20,Saree,Silk,Sri Lakshmi Silks,Surat,Marriage,700,750,900,Good,Yes,720,30,Competitive,750.0,59
83,10/22/2024 18:04:10,Dupatta,Cotton,Om Textiles,Jaipur,Summer,200,240,300,Good,Yes,1679,-1439,Underpriced,264.0,95
84,10/22/2024 18:06:22,Shirt,Linen,Sri Velavan Textiles,Erode,All time,250,280,350,Good,Yes,879,-599,Underpriced,308.0,103
85,10/22/2024 18:08:05,Pillow cover,Cotton,RSN Textiles,Erode,All time,40,50,70,Good,Yes,497,-447,Underpriced,55.0,108
86,10/22/2024 18:10:15,Kurta,Rayon,Vasanth Textiles,Tirupur,Summer,350,380,450,Good,Yes,350,30,Competitive,380.0,79
87,10/22/2024 18:12:20,Blouse,Cotton,Shree Fabrics,Pali,All time,70,90,120,Good,Yes,389,-299,Underpriced,99.0,123
88,10/22/2024 18:14:05,Handkerchief,Cotton,Sai Ram Fabrics,Tirupur,All time,20,25,40,Good,Yes,294,-269,Underpriced,27.5,127
89,10/22/2024 18:16:30,Skirt,Chiffon,Ravi Textiles,Surat,All time,300,340,420,Good,Yes,329,11,Competitive,340.0,118
90,10/22/2024 18:18:15,Pajamas,Linen,Vimal Textiles,Ahmedabad,All time,200,230,300,Good,Yes,649,-419,Underpriced,253.0,57
91,10/22/2024 18:20:40,Saree,Chiffon,Emco Textiles,Jetpur,All time,450,500,600,Good,Yes,470,30,Competitive,500.0,91
92,10/22/2024 18:22:10,Bedsheet,Cotton,RR Textiles,Surat,All time,180,220,280,Good,Yes,939,-719,Underpriced,242.0,76
93,10/22/2024 18:24:05,Shirt,Cotton,Sri Velavan Textiles,Erode,All time,200,230,300,Good,Yes,1599,-1369,Underpriced,253.0,139
94,10/22/2024 18:26:10,Dupatta,Silk,Balaji Textiles,Surat,All time,280,320,400,Good,Yes,290,30,Competitive,320.0,65
95,10/22/2024 18:28:05,Lungi,Cotton,Shree Ram Textiles,Erode,All time,100,120,150,Good,Yes,999,-879,Underpriced,132.0,80
96,10/22/2024 18:30:22,Blouse,Cotton,Shree Fabrics,Pali,All time,70,90,100,Good,Yes,389,-299,Underpriced,99.0,98
97,10/22/2024 18:32:15,Pajamas,Cotton,Vimal Textiles,Ahmedabad,All time,150,170,220,Good,Yes,649,-479,Underpriced,187.0,115
98,10/22/2024 18:34:10,Handkerchief,Cotton,Sai Ram Fabrics,Tirupur,All time,20,25,35,Good,Yes,699,-674,Underpriced,27.5,61
99,10/22/2024 18:36:30,Skirt,Chiffon,Ravi Textiles,Surat,All time,300,350,420,Good,Yes,299,51,Overpriced,360.0,131
100,10/22/2024 18:38:25,Bedsheet,Linen,Sadhna Textiles,Jaipur,All time,250,280,350,Good,Yes,939,-659,Underpriced,308.0,63
101,10/22/2024 18:40:10,T-shirt,Cotton,Sri Velavan Textiles,Erode,All time,200,230,300,Good,Yes,799,-569,Underpriced,253.0,93
102,10/22/2024 18:42:15,Lungi,Cotton,Shree Ram Textiles,Erode,All time,110,140,180,Good,Yes,799,-659,Underpriced,154.0,123
103,10/22/2024 18:44:05,Pajamas,Rayon,Vimal Textiles,Ahmedabad,Summer,180,210,250,Good,Yes,180,30,Competitive,210.0,111
104,10/22/2024 18:46:15,Kurta,Linen,Swastik Textiles,Jaipur,Summer,320,360,450,Good,Yes,330,30,Competitive,360.0,55
105,10/22/2024 18:48:25,Dupatta,Silk,Balaji Textiles,Surat,All time,280,320,400,Good,Yes,237,83,Overpriced,336.0,115
106,10/22/2024 18:50:05,Saree,Silk,Sri Lakshmi Silks,Surat,Marriage,650,700,850,Good,Yes,670,30,Competitive,700.0,148
107,10/22/2024 18:52:30,Handkerchief,Cotton,Sai Ram Fabrics,Tirupur,All time,20,25,40,Good,Yes,198,-173,Underpriced,27.5,144
108,10/22/2024 18:54:15,Pillow cover,Cotton,RSN Textiles,Erode,All time,30,40,50,Good,Yes,497,-457,Underpriced,44.0,53
109,10/22/2024 18:56:10,Shirt,Linen,Sri Velavan Textiles,Erode,All time,250,280,350,Good,Yes,599,-319,Underpriced,308.0,138
110,10/22/2024 18:58:20,Bedsheet,Cotton,RR Textiles,Surat,All time,180,210,260,Good,Yes,630,-420,Underpriced,231.0,143
111,10/22/2024 19:00:05,Saree,Chiffon,Ravi Textiles,Surat,All time,400,450,600,Good,Yes,420,30,Competitive,450.0,70
112,10/22/2024 19:02:15,Skirt,Linen,Royal Fabrics,Ahmedabad,Summer,220,250,320,Good,Yes,299,-49,Underpriced,275.0,69
113,10/22/2024 19:04:05,Pajamas,Cotton,Vimal Textiles,Ahmedabad,All time,150,180,250,Good,Yes,649,-469,Underpriced,198.0,89
114,10/22/2024 19:06:10,Kurta,Rayon,Vasanth Textiles,Tirupur,Summer,340,380,450,Good,Yes,660,-280,Underpriced,418.0,55
115,10/22/2024 19:08:15,Blouse,Cotton,Sathya Textiles,Pali,All time,70,90,120,Good,Yes,60,30,Competitive,90.0,65
116,10/22/2024 19:10:25,Saree,Silk,Emco Textiles,Jetpur,Marriage,700,750,950,Good,Yes,720,30,Competitive,750.0,98
117,10/22/2024 19:12:15,Dupatta,Cotton,Om Textiles,Jaipur,Summer,200,230,300,Good,Yes,237,-7,Competitive,230.0,68
118,10/22/2024 19:14:10,Lungi,Cotton,Shree Ram Textiles,Erode,All time,110,140,180,Good,Yes,298,-158,Underpriced,154.0,53
119,10/22/2024 19:16:05,Blouse,Silk,Shree Fabrics,Pali,All time,130,150,200,Good,Yes,449,-299,Underpriced,165.0,65
120,10/22/2024 19:18:20,Skirt,Chiffon,Ravi Textiles,Surat,All time,300,340,420,Good,Yes,299,41,Overpriced,360.0,57
121,10/22/2024 19:20:05,T-shirt,Cotton,Sri Velavan Textiles,Erode,All time,200,230,300,Good,Yes,1399,-1169,Underpriced,253.0,136
122,10/22/2024 19:22:10,Kurta,Linen,Swastik Textiles,Jaipur,Summer,320,360,450,Good,Yes,330,30,Competitive,360.0,53
123,10/22/2024 19:24:15,Bedsheet,Cotton,RR Textiles,Surat,All time,180,210,260,Good,Yes,599,-389,Underpriced,231.0,99
124,10/22/2024 19:26:05,Pillow cover,Cotton,RSN Textiles,Erode,All time,30,40,50,Good,Yes,265,-225,Underpriced,44.0,134
125,10/22/2024 19:28:15,Blouse,Cotton,Shree Fabrics,Pali,All time,70,90,120,Good,Yes,60,30,Competitive,90.0,132
126,10/22/2024 19:30:05,Dupatta,Silk,Balaji Textiles,Surat,All time,280,320,400,Good,Yes,1679,-1359,Underpriced,352.0,83
127,10/22/2024 19:32:10,Lungi,Cotton,Shree Ram Textiles,Erode,All time,110,130,160,Good,Yes,100,30,Competitive,130.0,61
128,10/22/2024 19:34:05,Shirt,Linen,Sri Velavan Textiles,Erode,All time,250,280,350,Good,Yes,599,-319,Underpriced,308.0,121
129,10/22/2024 19:36:15,Saree,Chiffon,Ravi Textiles,Surat,All time,400,450,600,Good,Yes,1999,-1549,Underpriced,495.0,144
130,10/22/2024 19:38:10,Skirt,Linen,Royal Fabrics,Ahmedabad,Summer,220,250,320,Good,Yes,329,-79,Underpriced,275.0,88
131,10/22/2024 19:40:05,Pajamas,Cotton,Vimal Textiles,Ahmedabad,All time,150,180,250,Good,Yes,649,-469,Underpriced,198.0,61
132,10/22/2024 19:42:15,Kurta,Rayon,Vasanth Textiles,Tirupur,Summer,340,380,450,Good,Yes,350,30,Competitive,380.0,72
133,10/22/2024 19:44:05,Handkerchief,Cotton,Sai Ram Fabrics,Tirupur,All time,20,25,40,Good,Yes,699,-674,Underpriced,27.5,107
134,10/22/2024 19:46:10,Pajamas,Rayon,Vimal Textiles,Ahmedabad,Summer,180,210,250,Good,Yes,499,-289,Underpriced,231.0,107
135,10/22/2024 19:48:05,Saree,Silk,Sri Lakshmi Silks,Surat,Marriage,650,700,850,Good,Yes,670,30,Competitive,700.0,149
136,10/22/2024 19:50:10,Blouse,Cotton,Sathya Textiles,Pali,All time,70,90,120,Good,Yes,449,-359,Underpriced,99.0,90
137,10/22/2024 19:52:15,Bedsheet,Linen,Sadhna Textiles,Jaipur,All time,250,280,350,Good,Yes,630,-350,Underpriced,308.0,135
138,10/22/2024 19:54:10,Saree,Silk,Emco Textiles,Jetpur,Marriage,700,750,950,Good,Yes,1999,-1249,Underpriced,825.0,116
139,10/22/2024 19:56:05,Handkerchief,Cotton,Sai Ram Fabrics,Tirupur,All time,20,25,35,Good,Yes,294,-269,Underpriced,27.5,128
140,10/22/2024 19:58:20,Dupatta,Cotton,Om Textiles,Jaipur,Summer,200,230,300,Good,Yes,630,-400,Underpriced,253.0,124
141, 10/22/2024 20:00:05, T-shirt, Cotton, Sri Velavan Textiles, Erode, All time,220,250,300, Good, Yes,220,30,Competitive,250.0,134
142, 10/22/2024 20:02:10, Lungi, Cotton, Shree Ram Textiles, Erode, All time,100,130,160, Good, Yes,949,-819,Underpriced,143.0,85
143, 10/22/2024 20:04:15, Kurta, Linen, Swastik Textiles, Jaipur, Summer,320,360,450, Good, Yes,522,-162,Underpriced,396.0,102
144, 10/22/2024 20:06:05, Saree, Chiffon, Ravi Textiles, Surat, All time,400,450,600, Good, Yes,420,30,Competitive,450.0,133
145, 10/22/2024 20:08:15, Blouse, Silk, Shree Fabrics, Pali, All time,130,150,200, Good, Yes,539,-389,Underpriced,165.0,66
146, 10/22/2024 20:10:05, Dupatta, Cotton, Balaji Textiles, Surat, Summer,280,320,400, Good, Yes,630,-310,Underpriced,352.0,143
147, 10/22/2024 20:12:10, Pillow cover, Cotton, RSN Textiles, Erode, All time,30,40,50, Good, Yes,265,-225,Underpriced,44.0,110
148, 10/22/2024 20:14:05, Bedsheet, Cotton, RR Textiles, Surat, All time,200,230,300, Good, Yes,599,-369,Underpriced,253.0,86
149, 10/22/2024 20:16:10, Skirt, Linen, Royal Fabrics, Ahmedabad, Summer,250,280,350, Good, Yes,250,30,Competitive,280.0,76
150, 10/22/2024 20:18:05, Pajamas, Cotton, Vimal Textiles, Ahmedabad, All time,150,180,250, Good, Yes,899,-719,Underpriced,198.0,147
151, 10/22/2024 20:20:10, T-shirt, Cotton, Sri Velavan Textiles, Erode, All time,220,250,300, Good, Yes,499,-249,Underpriced,275.0,65
152, 10/22/2024 20:22:15, Kurta, Rayon, Vasanth Textiles, Tirupur, Summer,340,380,450, Good, Yes,350,30,Competitive,380.0,146
153, 10/22/2024 20:24:05, Handkerchief, Cotton, Sai Ram Fabrics, Tirupur, All time,20,25,35, Good, Yes,369,-344,Underpriced,27.5,101
154, 10/22/2024 20:26:10, Saree, Silk, Sri Lakshmi Silks, Surat, Marriage,650,700,850, Good, Yes,670,30,Competitive,700.0,119
155, 10/22/2024 20:28:15, Dupatta, Silk, Emco Textiles, Jetpur, All time,280,320,400, Good, Yes,1679,-1359,Underpriced,352.0,94
156, 10/22/2024 20:30:10, Blouse, Cotton, Sathya Textiles, Pali, All time,70,90,120, Good, Yes,60,30,Competitive,90.0,123
157, 10/22/2024 20:32:15, Pajamas, Cotton, Vimal Textiles, Ahmedabad, Summer,150,180,250, Good, Yes,900,-720,Underpriced,198.0,140
158, 10/22/2024 20:34:10, Skirt, Chiffon, Ravi Textiles, Surat, All time,300,340,420, Good, Yes,399,-59,Underpriced,374.0,123
159, 10/22/2024 20:36:15, Shirt, Linen, Sri Velavan Textiles, Erode, All time,250,280,350, Good, Yes,599,-319,Underpriced,308.0,132
160, 10/22/2024 20:38:10, Bedsheet, Cotton, RR Textiles, Surat, All time,180,210,260, Good, Yes,663,-453,Underpriced,231.0,55
161, 10/22/2024 20:40:05, T-shirt, Cotton, Sri Velavan Textiles, Erode, All time,220,250,300, Good, Yes,499,-249,Underpriced,275.0,147
162, 10/22/2024 20:42:10, Lungi, Cotton, Shree Ram Textiles, Erode, All time,100,130,160, Good, Yes,899,-769,Underpriced,143.0,70
163, 10/22/2024 20:44:15, Kurta, Linen, Swastik Textiles, Jaipur, Summer,320,360,450, Good, Yes,330,30,Competitive,360.0,67
164, 10/22/2024 20:46:05, Saree, Chiffon, Ravi Textiles, Surat, All time,400,450,600, Good, Yes,420,30,Competitive,450.0,79
165, 10/22/2024 20:48:15, Blouse, Silk, Shree Fabrics, Pali, All time,130,150,200, Good, Yes,799,-649,Underpriced,165.0,111
166, 10/22/2024 20:50:05, Dupatta, Cotton, Balaji Textiles, Surat, Summer,280,320,400, Good, Yes,1679,-1359,Underpriced,352.0,56
167, 10/22/2024 20:52:10, Pillow cover, Cotton, RSN Textiles, Erode, All time,30,40,50, Good, Yes,497,-457,Underpriced,44.0,119
168, 10/22/2024 20:54:05, Bedsheet, Cotton, RR Textiles, Surat, All time,200,230,300, Good, Yes,200,30,Competitive,230.0,115
169, 10/22/2024 20:56:10, Skirt, Linen, Royal Fabrics, Ahmedabad, Summer,250,280,350, Good, Yes,329,-49,Underpriced,308.0,127
170, 10/22/2024 20:58:05, Pajamas, Cotton, Vimal Textiles, Ahmedabad, All time,150,180,250, Good, Yes,649,-469,Underpriced,198.0,90
171, 10/22/2024 21:00:10, T-shirt, Cotton, Sri Velavan Textiles, Erode, All time,220,250,300, Good, Yes,599,-349,Underpriced,275.0,107
172, 10/22/2024 21:02:15, Kurta, Rayon, Vasanth Textiles, Tirupur, Summer,340,380,450, Good, Yes,350,30,Competitive,380.0,77
173, 10/22/2024 21:04:05, Handkerchief, Cotton, Sai Ram Fabrics, Tirupur, All time,20,25,35, Good, Yes,294,-269,Underpriced,27.5,78
174, 10/22/2024 21:06:10, Saree, Silk, Sri Lakshmi Silks, Surat, Marriage,650,700,850, Good, Yes,670,30,Competitive,700.0,78
175, 10/22/2024 21:08:15, Dupatta, Silk, Emco Textiles, Jetpur, All time,280,320,400, Good, Yes,1679,-1359,Underpriced,352.0,92
176, 10/22/2024 21:10:10, Blouse, Cotton, Sathya Textiles, Pali, All time,70,90,120, Good, Yes,389,-299,Underpriced,99.0,55
177, 10/22/2024 21:12:15, Pajamas, Cotton, Vimal Textiles, Ahmedabad, Summer,150,180,250, Good, Yes,669,-489,Underpriced,198.0,94
178, 10/22/2024 21:14:10, Skirt, Chiffon, Ravi Textiles, Surat, All time,300,340,420, Good, Yes,329,11,Competitive,340.0,145
179, 10/22/2024 21:16:15, Shirt, Linen, Sri Velavan Textiles, Erode, All time,250,280,350, Good, Yes,639,-359,Underpriced,308.0,87
180, 10/22/2024 21:18:10, Bedsheet, Cotton, RR Textiles, Surat, All time,180,210,260, Good, Yes,599,-389,Underpriced,231.0,79
181, 10/22/2024 21:20:05, T-shirt, Cotton, Sri Velavan Textiles, Erode, All time,220,250,300, Good, Yes,599,-349,Underpriced,275.0,147
182, 10/22/2024 21:22:10, Lungi, Cotton, Shree Ram Textiles, Erode, All time,100,130,160, Good, Yes,298,-168,Underpriced,143.0,55
183, 10/22/2024 21:24:15, Kurta, Linen, Swastik Textiles,Surat,All time,140,170,200,Good,Yes,140,30,Competitive,170.0,140
184, 10/22/2024 21:26:05, Saree, Chiffon, Ravi Textiles, Surat, All time,400,450,600, Good, Yes,420,30,Competitive,450.0,67
185, 10/22/2024 21:28:15, Blouse, Silk, Shree Fabrics, Pali, All time,130,150,200, Good, Yes,539,-389,Underpriced,165.0,129
186, 10/22/2024 21:30:05, Dupatta, Cotton, Balaji Textiles, Surat, Summer,280,320,400, Good, Yes,1679,-1359,Underpriced,352.0,107
187, 10/22/2024 21:32:10, Pillow cover, Cotton, RSN Textiles, Erode, All time,30,40,50, Good, Yes,10,30,Competitive,40.0,74
188, 10/22/2024 21:34:05, Bedsheet, Cotton, RR Textiles, Surat, All time,200,230,300, Good, Yes,663,-433,Underpriced,253.0,148
189, 10/22/2024 21:36:10, Skirt, Linen, Royal Fabrics, Ahmedabad, Summer,250,280,350, Good, Yes,329,-49,Underpriced,308.0,51
190, 10/22/2024 21:38:05, Pajamas, Cotton, Vimal Textiles, Ahmedabad, All time,150,180,250, Good, Yes,669,-489,Underpriced,198.0,117
191, 10/22/2024 21:40:10, T-shirt, Cotton, Sri Velavan Textiles, Erode, All time,220,250,300, Good, Yes,220,30,Competitive,250.0,78
192, 10/22/2024 21:42:15, Kurta, Rayon, Vasanth Textiles, Tirupur, Summer,340,380,450, Good, Yes,350,30,Competitive,380.0,65
193, 10/22/2024 21:44:05, Handkerchief, Cotton, Sai Ram Fabrics, Tirupur, All time,20,25,35, Good, Yes,0,25,Competitive,25.0,141
194, 10/22/2024 21:46:10, Saree, Silk, Sri Lakshmi Silks, Surat, Marriage,650,700,850, Good, Yes,1539,-839,Underpriced,770.0,133
195, 10/22/2024 21:48:15, Dupatta, Silk, Emco Textiles, Jetpur, All time,280,320,400, Good, Yes,237,83,Overpriced,336.0,59
196, 10/22/2024 21:50:10, Blouse, Cotton, Sathya Textiles, Pali, All time,70,90,120, Good, Yes,60,30,Competitive,90.0,145
197, 10/22/2024 21:52:15, Pajamas, Cotton, Vimal Textiles, Ahmedabad, Summer,150,180,250, Good, Yes,899,-719,Underpriced,198.0,76
198, 10/22/2024 21:54:10, Skirt, Chiffon, Ravi Textiles, Surat, All time,300,340,420, Good, Yes,329,11,Competitive,340.0,127
199, 10/22/2024 21:56:15, Shirt, Linen, Sri Velavan Textiles, Erode, All time,250,280,350, Good, Yes,879,-599,Underpriced,308.0,88
200, 10/22/2024 21:58:10, Bedsheet, Cotton, RR Textiles, Surat, All time,180,210,260, Good, Yes,599,-389,Underpriced,231.0,148
201, 10/22/2024 22:00:05, T-shirt, Cotton, Sri Velavan Textiles, Erode, All time,220,250,300, Good, Yes,1399,-1149,Underpriced,275.0,143
202, 10/22/2024 22:02:10, Lungi, Cotton, Shree Ram Textiles, Erode, All time,100,130,160, Good, Yes,298,-168,Underpriced,143.0,93
203, 10/22/2024 22:04:15, Kurta, Linen, Swastik Textiles, Jaipur, Summer,320,360,450, Good, Yes,330,30,Competitive,360.0,143
204, 10/22/2024 22:06:05, Saree, Chiffon, Ravi Textiles, Surat, All time,400,450,600, Good, Yes,420,30,Competitive,450.0,93
205, 10/22/2024 22:08:15, Blouse, Silk, Shree Fabrics, Pali, All time,130,150,200, Good, Yes,539,-389,Underpriced,165.0,117
206, 10/22/2024 22:10:05, Dupatta, Cotton, Balaji Textiles, Surat, Summer,280,320,400, Good, Yes,1679,-1359,Underpriced,352.0,90
207, 10/22/2024 22:12:10, Pillow cover, Cotton, RSN Textiles, Erode, All time,30,40,50, Good, Yes,497,-457,Underpriced,44.0,70
208, 10/22/2024 22:14:05, Bedsheet, Cotton, RR Textiles, Surat, All time,200,230,300, Good, Yes,599,-369,Underpriced,253.0,92
209, 10/22/2024 22:16:10, Skirt, Linen, Royal Fabrics, Ahmedabad, Summer,250,280,350, Good, Yes,329,-49,Underpriced,308.0,126
210, 10/22/2024 22:18:05, Pajamas, Cotton, Vimal Textiles, Ahmedabad, All time,150,180,250, Good, Yes,899,-719,Underpriced,198.0,130
211, 10/22/2024 22:20:10, T-shirt, Cotton, Sri Velavan Textiles, Erode, All time,220,250,300, Good, Yes,599,-349,Underpriced,275.0,122
212, 10/22/2024 22:22:15, Kurta, Rayon, Vasanth Textiles, Tirupur, Summer,340,380,450, Good, Yes,350,30,Competitive,380.0,51
213, 10/22/2024 22:24:05, Handkerchief, Cotton, Sai Ram Fabrics, Tirupur, All time,20,25,35, Good, Yes,294,-269,Underpriced,27.5,61
214, 10/22/2024 22:26:10, Saree, Silk, Sri Lakshmi Silks, Surat, Marriage,650,700,850, Good, Yes,1499,-799,Underpriced,770.0,99
215, 10/22/2024 22:28:15, Dupatta, Silk, Emco Textiles, Jetpur, All time,280,320,400, Good, Yes,237,83,Overpriced,336.0,87
216, 10/22/2024 22:30:10, Blouse, Cotton, Sathya Textiles, Pali, All time,70,90,120, Good, Yes,539,-449,Underpriced,99.0,57
217, 10/22/2024 22:32:15, Pajamas, Cotton, Vimal Textiles, Ahmedabad, Summer,150,180,250, Good, Yes,899,-719,Underpriced,198.0,104
218, 10/22/2024 22:34:10, Skirt, Chiffon, Ravi Textiles, Surat, All time,300,340,420, Good, Yes,329,11,Competitive,340.0,143
219, 10/22/2024 22:36:15, Shirt, Linen, Sri Velavan Textiles, Erode, All time,250,280,350, Good, Yes,1599,-1319,Underpriced,308.0,97
220, 10/22/2024 22:38:10, Bedsheet, Cotton, RR Textiles, Surat, All time,180,210,260, Good, Yes,180,30,Competitive,210.0,101
221, 10/22/2024 22:40:05, T-shirt, Cotton, Sri Velavan Textiles, Erode, All time,220,250,300, Good, Yes,220,30,Competitive,250.0,125
222, 10/22/2024 22:42:10, Lungi, Cotton, Shree Ram Textiles, Erode, All time,100,130,160, Good, Yes,899,-769,Underpriced,143.0,109
223, 10/22/2024 22:44:15, Kurta, Linen, Swastik Textiles, Jaipur, Summer,320,360,450, Good, Yes,330,30,Competitive,360.0,69
224, 10/22/2024 22:46:05, Saree, Chiffon, Ravi Textiles, Surat, All time,400,450,600, Good, Yes,420,30,Competitive,450.0,88
225, 10/22/2024 22:48:15, Blouse, Silk, Shree Fabrics, Pali, All time,130,150,200, Good, Yes,120,30,Competitive,150.0,125
226, 10/22/2024 22:50:10, Dupatta, Cotton, Balaji Textiles, Surat, Summer,280,320,400, Good, Yes,450,-130,Underpriced,352.0,99
227, 10/22/2024 22:52:15, Pillow cover, Cotton, RSN Textiles, Erode, All time,30,40,50, Good, Yes,497,-457,Underpriced,44.0,108
228, 10/22/2024 22:54:10, Bedsheet, Cotton, RR Textiles, Surat, All time,200,230,300, Good, Yes,599,-369,Underpriced,253.0,117
229, 10/22/2024 22:56:15, Skirt, Linen, Royal Fabrics, Ahmedabad, Summer,250,280,350, Good, Yes,329,-49,Underpriced,308.0,65
230, 10/22/2024 22:58:10, Pajamas, Cotton, Vimal Textiles, Ahmedabad, All time,150,180,250, Good, Yes,900,-720,Underpriced,198.0,71
231, 10/22/2024 23:00:05, T-shirt, Cotton, Sri Velavan Textiles, Erode, All time,220,250,300, Good, Yes,1399,-1149,Underpriced,275.0,131
232, 10/22/2024 23:02:10, Kurta, Rayon, Vasanth Textiles, Tirupur, Summer,340,380,450, Good, Yes,350,30,Competitive,380.0,65
233, 10/22/2024 23:04:05, Handkerchief, Cotton, Sai Ram Fabrics, Tirupur, All time,20,25,35, Good, Yes,499,-474,Underpriced,27.5,136
234, 10/22/2024 23:06:10, Saree, Silk, Sri Lakshmi Silks, Surat, Marriage,650,700,850, Good, Yes,670,30,Competitive,700.0,129
235, 10/22/2024 23:08:15, Dupatta, Silk, Emco Textiles, Jetpur, All time,280,320,400, Good, Yes,237,83,Overpriced,336.0,141
236, 10/22/2024 23:10:10, Blouse, Cotton, Sathya Textiles, Pali, All time,70,90,120, Good, Yes,60,30,Competitive,90.0,51
237, 10/22/2024 23:12:15, Pajamas, Cotton, Vimal Textiles, Ahmedabad, Summer,150,180,250, Good, Yes,649,-469,Underpriced,198.0,82
238, 10/22/2024 23:14:10, Skirt, Chiffon, Ravi Textiles, Surat, All time,300,340,420, Good, Yes,329,11,Competitive,340.0,115
239, 10/22/2024 23:16:15, Shirt, Linen, Sri Velavan Textiles, Erode, All time,250,280,350, Good, Yes,599,-319,Underpriced,308.0,65
240, 10/22/2024 23:18:10, Bedsheet, Cotton, RR Textiles, Surat, All time,180,210,260, Good, Yes,663,-453,Underpriced,231.0,53
241, 10/22/2024 23:20:05, T-shirt, Cotton, Sri Velavan Textiles, Erode, All time,220,250,300, Good, Yes,399,-149,Underpriced,275.0,52
242, 10/22/2024 23:22:10, Lungi, Cotton, Shree Ram Textiles, Erode, All time,100,130,160, Good, Yes,298,-168,Underpriced,143.0,137
243, 10/22/2024 23:24:15, Kurta, Linen, Swastik Textiles, Jaipur,summer,320,360,450,Good,Yes,1295,-935,Underpriced,396.0,74
244, 10/22/2024 23:26:05, Saree, Chiffon, Ravi Textiles, Surat, All time,400,450,600, Good, Yes,420,30,Competitive,450.0,145
245, 10/22/2024 23:28:15, Blouse, Silk, Shree Fabrics, Pali, All time,130,150,200, Good, Yes,539,-389,Underpriced,165.0,126
246, 10/22/2024 23:30:10, Dupatta, Cotton, Balaji Textiles, Surat, Summer,280,320,400, Good, Yes,1679,-1359,Underpriced,352.0,114
247, 10/22/2024 23:32:15, Pillow cover, Cotton, RSN Textiles, Erode, All time,30,40,50, Good, Yes,497,-457,Underpriced,44.0,92
248, 10/22/2024 23:34:10, Bedsheet, Cotton, RR Textiles, Surat, All time,200,230,300, Good, Yes,599,-369,Underpriced,253.0,138
249, 10/22/2024 23:36:15, Skirt, Linen, Royal Fabrics, Ahmedabad, Summer,250,280,350, Good, Yes,329,-49,Underpriced,308.0,74
250, 10/22/2024 23:38:10, Pajamas, Cotton, Vimal Textiles, Ahmedabad, All time,150,180,250, Good, Yes,899,-719,Underpriced,198.0,86
251, 10/22/2024 23:40:05, T-shirt, Cotton, Sri Velavan Textiles, Erode, All time,220,250,300, Good, Yes,1399,-1149,Underpriced,275.0,145
252, 10/22/2024 23:42:10, Lungi, Cotton, Shree Ram Textiles, Erode, All time,100,130,160, Good, Yes,100,30,Competitive,130.0,102
253, 10/22/2024 23:44:15, Kurta, Linen, Swastik Textiles, Jaipur, Summer,320,360,450, Good, Yes,330,30,Competitive,360.0,68
254, 10/22/2024 23:46:05, Saree, Chiffon, Ravi Textiles, Surat, All time,400,450,600, Good, Yes,420,30,Competitive,450.0,113
255, 10/22/2024 23:48:15, Blouse, Silk, Shree Fabrics, Pali, All time,130,150,200, Good, Yes,539,-389,Underpriced,165.0,85
256, 10/22/2024 23:50:10, Dupatta, Cotton, Balaji Textiles, Surat, Summer,280,320,400, Good, Yes,1679,-1359,Underpriced,352.0,77
257, 10/22/2024 23:52:15, Pillow cover, Cotton, RSN Textiles, Erode, All time,30,40,50, Good, Yes,265,-225,Underpriced,44.0,75
258, 10/22/2024 23:54:10, Bedsheet, Cotton, RR Textiles, Surat, All time,200,230,300, Good, Yes,599,-369,Underpriced,253.0,74
259, 10/22/2024 23:56:15, Skirt, Linen, Royal Fabrics, Ahmedabad, Summer,250,280,350, Good, Yes,329,-49,Underpriced,308.0,122
260, 10/22/2024 23:58:10, Pajamas, Cotton, Vimal Textiles, Ahmedabad, All time,150,180,250, Good, Yes,649,-469,Underpriced,198.0,148
261, 10/23/2024 00:00:05, T-shirt, Cotton, Sri Velavan Textiles, Erode, All time,220,250,300, Good, Yes,283,-33,Underpriced,273.0,146
262, 10/23/2024 00:02:10, Kurta, Rayon, Vasanth Textiles, Tirupur, Summer,340,380,450, Good, Yes,1295,-915,Underpriced,418.0,110
263, 10/23/2024 00:04:05, Handkerchief, Cotton, Sai Ram Fabrics, Tirupur, All time,20,25,35, Good, Yes,549,-524,Underpriced,27.5,89
264, 10/23/2024 00:06:10, Saree, Silk, Sri Lakshmi Silks, Surat, Marriage,650,700,850, Good, Yes,670,30,Competitive,700.0,55
265, 10/23/2024 00:08:15, Dupatta, Silk, Emco Textiles, Jetpur, All time,280,320,400, Good, Yes,237,83,Overpriced,336.0,102
266, 10/23/2024 00:10:10, Blouse, Cotton, Sathya Textiles, Pali, All time,70,90,120, Good, Yes,539,-449,Underpriced,99.0,90
267, 10/23/2024 00:12:15, Pajamas, Cotton, Vimal Textiles, Ahmedabad, Summer,150,180,250, Good, Yes,649,-469,Underpriced,198.0,54
268, 10/23/2024 00:14:10, Skirt, Chiffon, Ravi Textiles, Surat, All time,300,340,420, Good, Yes,329,11,Competitive,340.0,126
269, 10/23/2024 00:16:15, Shirt, Linen, Sri Velavan Textiles, Erode, All time,250,280,350, Good, Yes,1599,-1319,Underpriced,308.0,54
270, 10/23/2024 00:18:10, Bedsheet, Cotton, RR Textiles, Surat, All time,180,210,260, Good, Yes,939,-729,Underpriced,231.0,86
271, 10/23/2024 00:20:05, T-shirt, Cotton, Sri Velavan Textiles, Erode, All time,220,250,300, Good, Yes,220,30,Competitive,250.0,136
272, 10/23/2024 00:22:10, Lungi, Cotton, Shree Ram Textiles, Erode, All time,100,130,160, Good, Yes,100,30,Competitive,130.0,59
273, 10/23/2024 00:24:15, Kurta, Linen, Swastik Textiles, Jaipur, Summer,320,360,450, Good, Yes,330,30,Competitive,360.0,114
274, 10/23/2024 00:26:05, Saree, Chiffon, Ravi Textiles, Surat, All time,400,450,600, Good, Yes,420,30,Competitive,450.0,76
275, 10/23/2024 00:28:15, Blouse, Silk, Shree Fabrics, Pali, All time,130,150,200, Good, Yes,539,-389,Underpriced,165.0,91
276, 10/23/2024 00:30:10, Dupatta, Cotton, Balaji Textiles, Surat, Summer,280,320,400, Good, Yes,237,83,Overpriced,336.0,127
277, 10/23/2024 00:32:15, Pillow cover, Cotton, RSN Textiles, Erode, All time,30,40,50, Good, Yes,497,-457,Underpriced,44.0,144
278, 10/23/2024 00:34:10, Bedsheet, Cotton, RR Textiles, Surat, All time,200,230,300, Good, Yes,599,-369,Underpriced,253.0,88
279, 10/23/2024 00:36:15, Skirt, Linen, Royal Fabrics, Ahmedabad, Summer,250,280,350, Good, Yes,329,-49,Underpriced,308.0,78
280, 10/23/2024 00:38:10, Pajamas, Cotton, Vimal Textiles, Ahmedabad, All time,150,180,250, Good, Yes,499,-319,Underpriced,198.0,122
281, 10/23/2024 00:40:05, T-shirt, Cotton, Sri Velavan Textiles, Erode, All time,220,250,300, Good, Yes,599,-349,Underpriced,275.0,125
282, 10/23/2024 00:42:10, Lungi, Cotton, Shree Ram Textiles, Erode, All time,100,130,160, Good, Yes,1199,-1069,Underpriced,143.0,64
283, 10/23/2024 00:44:15, Kurta, Linen, Swastik Textiles, Jaipur, Summer,320,360,450, Good, Yes,330,30,Competitive,360.0,58
284, 10/23/2024 00:46:05, Saree, Chiffon, Ravi Textiles, Surat, All time,400,450,600, Good, Yes,420,30,Competitive,450.0,66
285, 10/23/2024 00:48:15, Blouse, Silk, Shree Fabrics, Pali, All time,130,150,200, Good, Yes,279,-129,Underpriced,165.0,144
286, 10/23/2024 00:50:10, Dupatta, Cotton, Balaji Textiles, Surat, Summer,280,320,400, Good, Yes,465,-145,Underpriced,352.0,111
287, 10/23/2024 00:52:15, Pillow cover, Cotton, RSN Textiles, Erode, All time,30,40,50, Good, Yes,497,-457,Underpriced,44.0,128
288, 10/23/2024 00:54:10, Bedsheet, Cotton, RR Textiles, Surat, All time,200,230,300, Good, Yes,200,30,Competitive,230.0,143
289, 10/23/2024 00:56:15, Skirt, Linen, Royal Fabrics, Ahmedabad, Summer,250,280,350, Good, Yes,699,-419,Underpriced,308.0,74
290, 10/23/2024 00:58:10, Pajamas, Cotton, Vimal Textiles, Ahmedabad, All time,150,180,250, Good, Yes,429,-249,Underpriced,198.0,67
291, 10/23/2024 01:00:05, T-shirt, Cotton, Sri Velavan Textiles, Erode, All time,220,250,300, Good, Yes,220,30,Competitive,250.0,104
292, 10/23/2024 01:02:10, Kurta, Rayon, Vasanth Textiles, Tirupur, Summer,340,380,450, Good, Yes,1799,-1419,Underpriced,418.0,111
293, 10/23/2024 01:04:05, Handkerchief, Cotton, Sai Ram Fabrics, Tirupur,summer,320,327,450,Good,Yes,499,-172,Underpriced,359.7,82
294, 10/23/2024 01:06:10, Saree, Silk, Sri Lakshmi Silks, Surat, Marriage,650,700,850, Good, Yes,670,30,Competitive,700.0,130
295, 10/23/2024 01:08:15, Dupatta, Silk, Emco Textiles, Jetpur, All time,280,320,400, Good, Yes,290,30,Competitive,320.0,68
296, 10/23/2024 01:10:10, Blouse, Cotton, Sathya Textiles, Pali, All time,70,90,120, Good, Yes,488,-398,Underpriced,99.0,139
297, 10/23/2024 01:12:15, Pajamas, Cotton, Vimal Textiles, Ahmedabad, Summer,150,180,250, Good, Yes,719,-539,Underpriced,198.0,115
298, 10/23/2024 01:14:10, Skirt, Chiffon, Ravi Textiles, Surat, All time,300,340,420, Good, Yes,425,-85,Underpriced,374.0,127
299, 10/23/2024 01:16:15, Shirt, Linen, Sri Velavan Textiles, Erode, All time,250,280,350, Good, Yes,250,30,Competitive,280.0,143
300, 10/23/2024 01:18:10, Bedsheet, Cotton, RR Textiles, Surat, All time,180,210,260, Good, Yes,180,30,Competitive,210.0,114
301, 10/23/2024 01:20:15, T-shirt, Cotton, Sri Velavan Textiles, Erode, All time,220,250,300, Good, Yes,220,30,Competitive,250.0,115
302, 10/23/2024 01:22:10, Kurta, Rayon, Vasanth Textiles, Tirupur, Summer,340,380,450, Good, Yes,849,-469,Underpriced,418.0,108
303, 10/23/2024 01:24:05, Handkerchief, Cotton, Sai Ram Fabrics, Tirupur, All time,20,25,35, Good, Yes,372,-347,Underpriced,27.5,78
304, 10/23/2024 01:26:10, Saree, Silk, Sri Lakshmi Silks, Surat, Marriage,650,700,850, Good, Yes,670,30,Competitive,700.0,65
305, 10/23/2024 01:28:15, Dupatta, Silk, Emco Textiles, Jetpur, All time,280,320,400, Good, Yes,290,30,Competitive,320.0,75
306, 10/23/2024 01:30:10, Blouse, Cotton, Sathya Textiles, Pali, All time,70,90,120, Good, Yes,439,-349,Underpriced,99.0,59
307, 10/23/2024 01:32:15, Pajamas, Cotton, Vimal Textiles, Ahmedabad, Summer,150,180,250, Good, Yes,669,-489,Underpriced,198.0,137
308, 10/23/2024 01:34:10, Skirt, Chiffon, Ravi Textiles, Surat, All time,300,340,420, Good, Yes,425,-85,Underpriced,374.0,68
309, 10/23/2024 01:36:15, Shirt, Linen, Sri Velavan Textiles, Erode, All time,250,280,350, Good, Yes,250,30,Competitive,280.0,97
310, 10/23/2024 01:38:10, Bedsheet, Cotton, RR Textiles, Surat, All time,180,210,260, Good, Yes,474,-264,Underpriced,231.0,124
311, 10/23/2024 01:40:05, T-shirt, Cotton, Sri Velavan Textiles, Erode, All time,220,250,300, Good, Yes,489,-239,Underpriced,275.0,91
312, 10/23/2024 01:42:10, Kurta, Rayon, Vasanth Textiles, Tirupur, Summer,340,380,450, Good, Yes,879,-499,Underpriced,418.0,147
313, 10/23/2024 01:44:05, Handkerchief, Cotton, Sai Ram Fabrics, Tirupur, All time,20,25,35, Good, Yes,372,-347,Underpriced,27.5,95
314, 10/23/2024 01:46:10, Saree, Silk, Sri Lakshmi Silks, Surat, Marriage,650,700,850, Good, Yes,670,30,Competitive,700.0,107
315, 10/23/2024 01:48:15, Dupatta, Silk, Emco Textiles, Jetpur, All time,280,320,400, Good, Yes,290,30,Competitive,320.0,93
316, 10/23/2024 01:50:10, Blouse, Cotton, Sathya Textiles, Pali, All time,70,90,120, Good, Yes,629,-539,Underpriced,99.0,92
317, 10/23/2024 01:52:15, Pajamas, Cotton, Vimal Textiles, Ahmedabad, Summer,150,180,250, Good, Yes,669,-489,Underpriced,198.0,71
318, 10/23/2024 01:54:10, Skirt, Chiffon, Ravi Textiles, Surat, All time,300,340,420, Good, Yes,425,-85,Underpriced,374.0,104
319, 10/23/2024 01:56:15, Shirt, Linen, Sri Velavan Textiles, Erode, All time,250,280,350, Good, Yes,250,30,Competitive,280.0,75
320, 10/23/2024 01:58:10, Bedsheet, Cotton, RR Textiles, Surat, All time,180,210,260, Good, Yes,180,30,Competitive,210.0,116
321, 10/23/2024 02:00:05, T-shirt, Cotton, Sri Velavan Textiles, Erode, All time,220,250,300, Good, Yes,220,30,Competitive,250.0,56
322, 10/23/2024 02:02:10, Kurta, Rayon, Vasanth Textiles, Tirupur, Summer,340,380,450, Good, Yes,599,-219,Underpriced,418.0,80
323, 10/23/2024 02:04:05, Handkerchief, Cotton, Sai Ram Fabrics, Tirupur, All time,20,25,35, Good, Yes,499,-474,Underpriced,27.5,146
324, 10/23/2024 02:06:10, Saree, Silk, Sri Lakshmi Silks, Surat, Marriage,650,700,850, Good, Yes,670,30,Competitive,700.0,98
325, 10/23/2024 02:08:15, Dupatta, Silk, Emco Textiles, Jetpur, All time,280,320,400, Good, Yes,290,30,Competitive,320.0,124
326, 10/23/2024 02:10:10, Blouse, Cotton, Sathya Textiles, Pali, All time,70,90,120, Good, Yes,629,-539,Underpriced,99.0,70
327, 10/23/2024 02:12:15, Pajamas, Cotton, Vimal Textiles, Ahmedabad, Summer,150,180,250, Good, Yes,649,-469,Underpriced,198.0,69
328, 10/23/2024 02:14:10, Skirt, Chiffon, Ravi Textiles, Surat, All time,300,340,420, Good, Yes,849,-509,Underpriced,374.0,83
329, 10/23/2024 02:16:15, Shirt, Linen, Sri Velavan Textiles, Erode, All time,250,280,350, Good, Yes,250,30,Competitive,280.0,61
330, 10/23/2024 02:18:10, Bedsheet, Cotton, RR Textiles, Surat, All time,180,210,260, Good, Yes,686,-476,Underpriced,231.0,93
331, 10/23/2024 02:20:05, T-shirt, Cotton, Sri Velavan Textiles, Erode, All time,220,250,300, Good, Yes,220,30,Competitive,250.0,85
332, 10/23/2024 02:22:10, Kurta, Rayon, Vasanth Textiles, Tirupur, Summer,340,380,450, Good, Yes,2479,-2099,Underpriced,418.0,75
333, 10/23/2024 02:24:05, Handkerchief, Cotton, Sai Ram Fabrics, Tirupur, All time,20,25,35, Good, Yes,699,-674,Underpriced,27.5,94
334, 10/23/2024 02:26:10, Saree, Silk, Sri Lakshmi Silks, Surat, Marriage,650,700,850, Good, Yes,670,30,Competitive,700.0,77
335, 10/23/2024 02:28:15, Dupatta, Silk, Emco Textiles, Jetpur, All time,280,320,400, Good, Yes,290,30,Competitive,320.0,52
336, 10/23/2024 02:30:10, Blouse, Cotton, Sathya Textiles, Pali, All time,70,90,120, Good, Yes,784,-694,Underpriced,99.0,95
337, 10/23/2024 02:32:15, Pajamas, Cotton, Vimal Textiles, Ahmedabad, Summer,150,180,250, Good, Yes,669,-489,Underpriced,198.0,76
338, 10/23/2024 02:34:10, Skirt, Chiffon, Ravi Textiles, Surat, All time,300,340,420, Good, Yes,390,-50,Underpriced,374.0,78
339, 10/23/2024 02:36:15, Shirt, Linen, Sri Velavan Textiles, Erode, All time,250,280,350, Good, Yes,250,30,Competitive,280.0,69
340, 10/23/2024 02:38:10, Bedsheet, Cotton, RR Textiles, Surat, All time,180,210,260, Good, Yes,620,-410,Underpriced,231.0,78
341, 10/23/2024 02:40:05, T-shirt, Cotton, Sri Velavan Textiles, Erode, All time,220,250,300, Good, Yes,220,30,Competitive,250.0,77
342, 10/23/2024 02:42:10, Kurta, Rayon, Vasanth Textiles, Tirupur, Summer,340,250,420,Good,Yes,599,-349,Underpriced,275.0,97
343, 10/22/2024 16:12:30, Stole, Silk, Trendy Textiles, Jaipur, All time,150,180,220, Good, Yes,1199,-1019,Underpriced,198.0,144
344, 10/22/2024 16:14:05, Leggings, Cotton, Fashion Hub, Delhi, Daily,200,250,300, Good, Yes,220,30,Competitive,250.0,128
345, 10/22/2024 16:16:14, Kurti, Rayon, Ethnic Styles, Surat, Casual,400,450,500, Good, Yes,2479,-2029,Underpriced,495.0,141
346, 10/22/2024 16:18:30, Waistcoat, Wool, Royal Attire, Ahmedabad, Formal,700,800,900, Good, Yes,770,30,Competitive,800.0,148
347, 10/22/2024 16:20:15, Cape, Chiffon, Modern Designs, Coimbatore, Party,350,400,450, Good, Yes,1999,-1599,Underpriced,440.0,115
348, 10/22/2024 16:22:40, Trousers, Cotton, Everyday Wear, Bangalore, Casual,300,350,400, Good, Yes,1943,-1593,Underpriced,385.0,91
349, 10/22/2024 16:24:25, Blazer, Linen, Classic Fit, Mumbai, Formal,1000,1100,1200, Good, Yes,3299,-2199,Underpriced,1210.0,102
350, 10/22/2024 16:26:10, Maxi Dress, Georgette, Summer Vibes, Chennai, All time,600,700,800, Good, Yes,499,201,Overpriced,720.0,121
351, 10/22/2024 16:28:55, Nightgown, Satin, Dreamy Fabrics, Kolkata, Sleepwear,400,450,500, Good, Yes,779,-329,Underpriced,495.0,113
352, 10/22/2024 16:30:45, Poncho, Wool, Winter Wear, Ludhiana, Winter,500,550,600, Good, Yes,520,30,Competitive,550.0,86
353, 10/22/2024 16:32:30, Jumpsuit, Cotton, Fashion Forward, Jaipur, Casual,800,900,1000, Good, Yes,870,30,Competitive,900.0,88
354, 10/22/2024 16:34:15, Cape, Velvet, Festive Looks, Surat, Party,700,800,900, Good, Yes,1999,-1199,Underpriced,880.0,95
355, 10/22/2024 16:36:00, Shrug, Chiffon, Light Layers, Bangalore, Summer,250,300,350, Good, Yes,299,1,Competitive,300.0,113
356, 10/22/2024 16:37:45, Dhoti, Cotton, Traditional Styles, Erode, Festival,600,650,700, Good, Yes,620,30,Competitive,650.0,78
357, 10/22/2024 16:39:30, Cardigan, Wool, Cozy Knit, Pune, Winter,400,450,500, Good, Yes,999,-549,Underpriced,495.0,118
358, 10/22/2024 16:41:15, Tunic, Linen, Breezy Fit, Coimbatore, Casual,300,350,400, Good, Yes,854,-504,Underpriced,385.0,142
359, 10/22/2024 16:43:00, A-line Dress, Georgette, Elegant Fashion, Hyderabad, Formal,800,900,1000, Good, Yes,359,541,Overpriced,960.0,118
360, 10/22/2024 16:44:45, Skirt, Satin, Stylish Flare, Kolkata, Party,500,600,700, Good, Yes,399,201,Overpriced,600.0,51
361, 10/22/2024 16:46:30, Culottes, Cotton, Trendy Trousers, Chennai, Casual,400,450,500, Good, Yes,420,30,Competitive,450.0,139
362, 10/22/2024 16:48:15, Sweatshirt, Polyester, Casual Comfort, Bangalore, Daily,300,350,400, Good, Yes,749,-399,Underpriced,385.0,104
363, 10/22/2024 16:50:00, Peplum Top, Chiffon, Stylish Silhouette, Mumbai, Party,450,500,550, Good, Yes,470,30,Competitive,500.0,127
364, 10/22/2024 16:51:45, Anarkali, Silk, Regal Look, Jaipur, Wedding,1200,1300,1400, Good, Yes,560,740,Overpriced,1440.0,101
365, 10/22/2024 16:53:30, T-shirt, Cotton, Casual Wear, Delhi, Daily,150,180,220, Good, Yes,150,30,Competitive,180.0,113
366, 10/22/2024 16:55:15, Duster Coat, Wool, Fashion Layers, Surat, Winter,600,700,800, Good, Yes,379,321,Overpriced,720.0,127
367, 10/22/2024 16:57:00, Kaftan, Rayon, Breezy Fit, Erode, Casual,500,550,600, Good, Yes,1499,-949,Underpriced,605.0,58
368, 10/22/2024 16:58:45, Mini Skirt, Denim, Stylish Casual, Bangalore, Daily,400,450,500, Good, Yes,399,51,Overpriced,480.0,147
369, 10/22/2024 17:00:30, Lingerie Set, Lace, Elegant Comfort, Kolkata, Sleepwear,700,800,900, Good, Yes,479,321,Overpriced,840.0,116
370, 10/22/2024 17:02:15, Overcoat, Wool, Chic Winter, Mumbai, Winter,1200,1300,1400, Good, Yes,1270,30,Competitive,1300.0,102
371, 10/22/2024 17:04:00, Palazzo Pants, Linen, Fashion Forward, Coimbatore, Casual,500,600,700, Good, Yes,399,201,Overpriced,600.0,53
372, 10/22/2024 17:05:45, Long Skirt, Georgette, Flowing Style, Hyderabad, Party,800,900,1000, Good, Yes,849,51,Overpriced,960.0,58
373, 10/22/2024 17:07:30, Cropped Top, Cotton, Summer Style, Delhi, Casual,200,250,300, Good, Yes,220,30,Competitive,250.0,141
374, 10/22/2024 17:09:15, Jumpsuit, Silk, Fashion Elegance, Surat, Wedding,900,1000,1100, Good, Yes,970,30,Competitive,1000.0,131
375, 10/22/2024 17:11:00, Wrap Dress, Chiffon, Stylish Look, Bangalore, Evening,700,800,900, Good, Yes,2479,-1679,Underpriced,880.0,99
376, 10/22/2024 17:12:45, Puffer Jacket, Polyester, Winter Warmth, Pune, Winter,800,900,1000, Good, Yes,1599,-699,Underpriced,990.0,466
377, 10/22/2024 17:14:30, Tunic Dress, Rayon, Everyday Wear, Chennai, Casual,500,600,700, Good, Yes,999,-399,Underpriced,660.0,142
378, 10/22/2024 17:16:15, Bodycon Dress, Lycra, Party Glam, Kolkata, Evening,900,1000,1100, Good, Yes,799,201,Overpriced,1080.0,72
379, 10/22/2024 17:18:00, Cardigan, Cotton, Layering Essentials, Mumbai, Daily,400,450,500, Good, Yes,1599,-1149,Underpriced,495.0,110
380, 10/22/2024 17:19:45, Kimono, Silk, Stylish Wrap, Delhi, Party,600,700,800, Good, Yes,499,201,Overpriced,720.0,113
381, 10/22/2024 17:21:30, Long Sleeve Shirt, Cotton, Smart Casual, Bangalore, Daily,300,350,400, Good, Yes,2999,-2649,Underpriced,385.0,70
382, 10/22/2024 17:23:15, Palazzo, Chiffon, Flowy Style, Surat, Evening,500,600,700, Good, Yes,379,221,Overpriced,600.0,117
383, 10/22/2024 17:25:00, Cropped Hoodie, Polyester, Urban Fashion, Pune, Casual,400,450,500, Good, Yes,420,30,Competitive,450.0,51
384, 10/22/2024 17:26:45, Shift Dress, Georgette, Effortless Style, Chennai, Casual,600,700,800, Good, Yes,2796,-2096,Underpriced,770.0,84
385, 10/22/2024 17:28:30, Jodhpuri Suit, Silk, Traditional Elegance, Jaipur, Wedding,1500,1600,1700, Good, Yes,2839,-1239,Underpriced,1760.0,104
386, 10/22/2024 17:30:15, Layered Top, Cotton, Casual Comfort, Kolkata, Daily,300,350,400, Good, Yes,320,30,Competitive,350.0,142
387, 10/22/2024 17:32:00, A-line Skirt, Linen, Summer Breeze, Mumbai, Casual,500,550,600, Good, Yes,419,131,Overpriced,600.0,127
388, 10/22/2024 17:33:45, Sports Jacket, Polyester, Active Wear, Bangalore, Sports,800,900,1000, Good, Yes,799,101,Overpriced,960.0,110
389, 10/22/2024 17:35:30, Ball Gown, Satin, Glamorous Nights, Hyderabad, Evening,2000,2100,2200, Good, Yes,1394,706,Overpriced,2400.0,75
390, 10/22/2024 17:37:15, Henley Shirt, Cotton, Casual Layer, Delhi, Daily,350,400,450, Good, Yes,499,-99,Underpriced,440.0,138
391, 10/22/2024 17:39:00, Shrug, Wool, Warm Layer, Surat, Winter,500,600,700, Good, Yes,570,30,Competitive,600.0,52
392, 10/22/2024 17:40:45, Pencil Skirt, Georgette, Office Chic, Coimbatore, Formal,800,900,1000, Good, Yes,399,501,Overpriced,960.0,113
393, 10/22/2024 17:42:30, Trench Coat, Cotton, Classic Style, Mumbai, Winter,1200,1300,1400, Good, Yes,1899,-599,Underpriced,1430.0,109
394, 10/22/2024 17:44:15, Wrap Top, Chiffon, Stylish Fit, Chennai, Party,450,500,550, Good, Yes,899,-399,Underpriced,550.0,123
395, 10/22/2024 17:46:00, Wide-Leg Trousers, Linen, Fashion Forward, Bangalore, Casual,600,700,800, Good, Yes,399,301,Overpriced,720.0,111
396, 10/22/2024 17:47:45, Maxi Skirt, Rayon, Flowing Elegance, Jaipur, Formal,700,800,900, Good, Yes,699,101,Overpriced,840.0,50
397, 10/22/2024 17:49:30, Tank Dress, Cotton, Summer Essential, Kolkata, Casual,400,450,500, Good, Yes,399,51,Overpriced,480.0,119
398, 10/22/2024 17:51:15, Sports Leggings, Polyester, Active Lifestyle, Pune, Sports,500,600,700, Good, Yes,570,30,Competitive,600.0,124
399, 10/22/2024 17:53:00, Midi Dress, Silk, Elegant Evening, Hyderabad, Formal,800,900,1000, Good, Yes,870,30,Competitive,900.0,81
400, 10/22/2024 17:54:45, Flannel Shirt, Cotton, Cozy Style, Delhi, Casual,350,400,450, Good, Yes,370,30,Competitive,400.0,107
401, 10/22/2024 17:56:30, Evening Jacket, Velvet, Elegant Layer, Surat, Evening,900,1000,1100, Good, Yes,499,501,Overpriced,1080.0,133
402, 10/22/2024 17:58:15, Lace Top, Chiffon, Feminine Charm, Bangalore, Party,500,600,700, Good, Yes,399,201,Overpriced,600.0,56
403, 10/22/2024 18:00:00, Tracksuit, Cotton, Athleisure Wear, Mumbai, Sports,700,800,900, Good, Yes,999,-199,Underpriced,880.0,128
404, 10/22/2024 18:01:45, Graphic Tee, Cotton, Fun Fashion, Chennai, Casual,200,250,300, Good, Yes,599,-349,Underpriced,275.0,112
405, 10/22/2024 18:03:30, Cape Dress, Georgette, Stylish Flow, Kolkata, Evening,1000,1100,1200, Good, Yes,497,603,Overpriced,1200.0,71
406, 10/22/2024 18:05:15, Sports Shorts, Polyester, Active Comfort, Pune, Sports,250,300,350, Good, Yes,499,-199,Underpriced,330.0,65
407, 10/22/2024 18:07:00, Midi Skirt, Linen, Classic Cut, Coimbatore, Casual,400,450,500, Good, Yes,399,51,Overpriced,480.0,129
408, 10/22/2024 18:08:45, Silk Scarf, Silk, Luxury Accessory, Jaipur, All time,300,350,400, Good, Yes,758,-408,Underpriced,385.0,91
409, 10/22/2024 18:10:30, Long Cardigan, Wool, Cozy Knit, Mumbai, Winter,700,800,900, Good, Yes,999,-199,Underpriced,880.0,52
410, 10/22/2024 18:12:15, Cami Top, Satin, Elegant Layering, Chennai, Party,400,450,500, Good, Yes,420,30,Competitive,450.0,136
411, 10/22/2024 18:14:00, Shift Dress, Cotton, Everyday Look, Delhi, Casual,500,600,700, Good, Yes,499,101,Overpriced,600.0,111
412, 10/22/2024 18:15:45, Palazzo Set, Silk, Stylish Comfort, Surat, Wedding,1200,1300,1400, Good, Yes,1799,-499,Underpriced,1430.0,101
413, 10/22/2024 18:17:30, Faux Leather Jacket, Polyester, Edgy Style, Bangalore, Winter,900,1000,1100, Good, Yes,1799,-799,Underpriced,1100.0,505
414, 10/22/2024 18:19:15, Sweater Dress, Wool, Cozy Elegance, Hyderabad, Winter,800,900,1000, Good, Yes,870,30,Competitive,900.0,475
415, 10/22/2024 18:21:00, Gym Leggings, Spandex, Flexible Fit, Pune, Sports,400,450,500, Good, Yes,379,71,Overpriced,480.0,70
416, 10/22/2024 18:22:45, Pencil Dress, Georgette, Figure-Hugging, Kolkata, Evening,900,1000,1100, Good, Yes,970,30,Competitive,1000.0,71
417, 10/22/2024 18:24:30, Tulle Skirt, Cotton, Feminine Flair, Delhi, Party,500,600,700, Good, Yes,899,-299,Underpriced,660.0,120
418, 10/22/2024 18:26:15, Oversized Hoodie, Cotton, Comfy Style, Mumbai, Casual,600,700,800, Good, Yes,649,51,Overpriced,720.0,146
419, 10/22/2024 18:28:00, Maxi Kaftan, Silk, Resort Wear, Chennai, All time,800,900,1000, Good, Yes,1399,-499,Underpriced,990.0,122
420, 10/22/2024 18:29:45, Utility Jacket, Denim, Casual Chic, Delhi, Daily,700,800,900, Good, Yes,1399,-599,Underpriced,880.0,52
421, 10/22/2024 18:31:30, Tunic Blouse, Chiffon, Lightweight Layer, Surat, Casual,450,500,550, Good, Yes,377,123,Overpriced,540.0,109
422, 10/22/2024 18:33:15, Hooded Sweatshirt, Cotton, Comfortable Fit, Bangalore, Sports,500,600,700, Good, Yes,1999,-1399,Underpriced,660.0,79
423, 10/22/2024 18:35:00, Shift Top, Silk, Elegant Casual, Hyderabad, Evening,600,700,800, Good, Yes,670,30,Competitive,700.0,116
424, 10/22/2024 18:36:45, Denim Skirt, Cotton, Classic Style, Pune, Casual,400,450,500, Good, Yes,699,-249,Underpriced,495.0,79
425, 10/22/2024 18:38:30, Chino Pants, Linen, Smart Casual, Coimbatore, Daily,500,550,600, Good, Yes,919,-369,Underpriced,605.0,95
426, 10/22/2024 18:40:15, Peasant Top, Rayon, Bohemian Vibe, Chennai, Casual,300,350,400, Good, Yes,320,30,Competitive,350.0,105
427, 10/22/2024 18:42:00, Evening Gown, Satin, Formal Elegance, Kolkata, Wedding,2000,2100,2200, Good, Yes,799,1301,Overpriced,2400.0,121
428, 10/22/2024 18:43:45, Asymmetric Dress, Georgette, Fashion Forward, Mumbai, Evening,900,1000,1100, Good, Yes,899,101,Overpriced,1080.0,115
429, 10/22/2024 18:45:30, Longline Cardigan, Wool, Stylish Layer, Bangalore, Winter,800,900,1000, Good, Yes,1199,-299,Underpriced,990.0,116
430, 10/22/2024 18:47:15, Skorts, Cotton, Fun and Functional, Surat, Casual,400,450,500, Good, Yes,420,30,Competitive,450.0,143
431, 10/22/2024 18:49:00, Button-Up Shirt, Linen, Classic Fit, Delhi, Casual,350,400,450, Good, Yes,559,-159,Underpriced,440.0,149
432, 10/22/2024 18:50:45, Floral Dress, Rayon, Summer Breeze, Hyderabad, Casual,500,600,700, Good, Yes,399,201,Overpriced,600.0,93
433, 10/22/2024 18:52:30, Leather Pants, Faux Leather, Edgy Look, Pune, Evening,700,800,900, Good, Yes,599,201,Overpriced,840.0,89
434, 10/22/2024 18:54:15, Bolero Jacket, Cotton, Short and Stylish, Chennai, Party,400,450,500, Good, Yes,420,30,Competitive,450.0,143
435, 10/22/2024 18:56:00, Wrap Skirt, Georgette, Versatile Style, Kolkata, Casual,500,600,700, Good, Yes,399,201,Overpriced,600.0,84
436, 10/22/2024 18:57:45, Crossover Top, Silk, Elegant Layering, Bangalore, Evening,600,700,800, Good, Yes,406,294,Overpriced,720.0,80
437, 10/22/2024 18:59:30, Joggers, Cotton, Relaxed Fit, Mumbai, Casual,300,350,400, Good, Yes,731,-381,Underpriced,385.0,148
438, 10/22/2024 19:01:15, Skater Dress, Chiffon, Fun and Flirty, Surat, Casual,600,700,800, Good, Yes,799,-99,Underpriced,770.0,97
439, 10/22/2024 19:03:00, V-neck T-shirt, Cotton, Simple Style, Delhi, Daily,250,300,350, Good, Yes,270,30,Competitive,300.0,138
440, 10/22/2024 19:04:45, Cargo Pants, Cotton, Outdoor Essential, Bangalore, Casual,600,700,800, Good, Yes,1943,-1243,Underpriced,770.0,100
441, 10/22/2024 19:06:30, Cape Coat, Wool, Elegant Layer, Hyderabad, Winter,1200,1300,1400, Good, Yes,849,451,Overpriced,1440.0,71
442, 10/22/2024 19:08:15, Embroidered Blouse, Chiffon, Artistic Flair, Jaipur, Party,550,600,650, Good, Yes,831,-231,Underpriced,660.0,77
443, 10/22/2024 19:10:00, Sleeveless Dress, Cotton, Summer Comfort, Pune, Casual,400,450,500, Good, Yes,799,-349,Underpriced,495.0,148
444, 10/22/2024 19:11:45, Bomber Jacket, Polyester, Sporty Style, Chennai, Winter,700,800,900, Good, Yes,777,23,Competitive,800.0,260
445, 10/22/2024 19:13:30, Pencil Pants, Cotton, Office Look, Kolkata, Formal,600,650,700, Good, Yes,599,51,Overpriced,720.0,80
446, 10/22/2024 19:15:15, Pleated Skirt, Georgette, Flowing Fashion, Delhi, Evening,500,600,700, Good, Yes,799,-199,Underpriced,660.0,125
447, 10/22/2024 19:17:00, Mock Neck Sweater, Wool, Cozy Winter, Mumbai, Winter,700,800,900, Good, Yes,770,30,Competitive,800.0,539
448, 10/22/2024 19:18:45, Sweatpants, Cotton, Relaxed Fit, Bangalore, Casual,350,400,450, Good, Yes,299,101,Overpriced,420.0,81
449, 10/22/2024 19:20:30, Kaftan Dress, Silk, Stylish and Comfortable, Surat, All time,800,900,1000, Good, Yes,870,30,Competitive,900.0,109
450, 10/22/2024 19:22:15, High Waist Jeans, Denim, Trendy Fit, Hyderabad, Casual,600,700,800, Good, Yes,1199,-499,Underpriced,770.0,121
451, 10/22/2024 19:24:00, Off-Shoulder Top, Cotton, Summer Style, Pune, Casual,300,350,400, Good, Yes,499,-149,Underpriced,385.0,77
452, 10/22/2024 19:25:45, Longline Blazer, Linen, Office Chic, Coimbatore, Formal,800,900,1000, Good, Yes,2559,-1659,Underpriced,990.0,88
453, 10/22/2024 19:27:30, Peplum Blouse, Silk, Evening Elegance, Chennai, Party,550,600,650, Good, Yes,629,-29,Competitive,600.0,108
454, 10/22/2024 19:29:15, Cropped Jeans, Denim, Casual Essential, Kolkata, Daily,400,450,500, Good, Yes,779,-329,Underpriced,495.0,116
455, 10/22/2024 19:31:00, Pinafore Dress, Cotton, Youthful Style, Bangalore, Casual,500,600,700, Good, Yes,2479,-1879,Underpriced,660.0,109
456, 10/22/2024 19:32:45, Turtleneck Sweater, Wool, Winter Warmth, Jaipur, Winter,600,700,800, Good, Yes,670,30,Competitive,700.0,251
457, 10/22/2024 19:34:30, Boho Dress, Rayon, Festival Vibes, Delhi, Casual,500,550,600, Good, Yes,2479,-1929,Underpriced,605.0,57
458, 10/22/2024 19:36:15, Denim Shorts, Cotton, Summer Casual, Mumbai, Casual,350,400,450, Good, Yes,370,30,Competitive,400.0,111
459, 10/22/2024 19:38:00, Flared Pants, Polyester, Retro Look, Surat, Party,600,700,800, Good, Yes,599,101,Overpriced,720.0,134
460, 10/22/2024 19:39:45, Sheath Dress, Silk, Evening Glamour, Bangalore, Formal,900,1000,1100, Good, Yes,1649,-649,Underpriced,1100.0,71
461, 10/22/2024 19:41:30, Hooded Jacket, Polyester, Outdoor Comfort, Delhi, Winter,800,900,1000, Good, Yes,799,101,Overpriced,960.0,231
462, 10/22/2024 19:43:15, Palazzo Pants, Cotton, Breezy Fit, Hyderabad, Casual,500,600,700, Good, Yes,399,201,Overpriced,600.0,119
463, 10/22/2024 19:45:00, Off-Shoulder Dress, Rayon, Summer Chic, Chennai, Party,600,700,800, Good, Yes,2479,-1779,Underpriced,770.0,57
464, 10/22/2024 19:46:45, Kimono Wrap, Silk, Elegant Layer, Kolkata, Evening,700,800,900, Good, Yes,770,30,Competitive,800.0,76
465, 10/22/2024 19:48:30, Bodycon Dress, Polyester, Slim Fit, Pune, Evening,550,600,650, Good, Yes,499,101,Overpriced,660.0,147
466, 10/22/2024 19:50:15, Jogger Pants, Cotton, Casual Comfort, Jaipur, Daily,400,450,500, Good, Yes,599,-149,Underpriced,495.0,56
467, 10/22/2024 19:52:00, Blazer Dress, Wool, Winter Elegance, Mumbai, Formal,1200,1300,1400, Good, Yes,1619,-319,Underpriced,1430.0,79
468, 10/22/2024 19:53:45, Churidar, Silk, Traditional Wear, Delhi, Wedding,800,900,1000, Good, Yes,799,101,Overpriced,960.0,68
469, 10/22/2024 19:55:30, Cold Shoulder Top, Chiffon, Trendy Style, Surat, Casual,400,450,500, Good, Yes,499,-49,Underpriced,489.0,96
470, 10/22/2024 19:57:15, Pencil Dress, Cotton, Office Ready, Bangalore, Formal,650,700,750, Good, Yes,499,201,Overpriced,780.0,112
471, 10/22/2024 19:59:00, Cargo Jacket, Polyester, Utility Fashion, Hyderabad, Winter,900,1000,1100, Good, Yes,569,431,Overpriced,1080.0,350
472, 10/22/2024 20:00:45, Tiered Skirt, Georgette, Layered Look, Pune, Evening,700,800,900, Good, Yes,699,101,Overpriced,840.0,107
473, 10/22/2024 20:02:30, Boxy Top, Cotton, Casual Ease, Chennai, Daily,350,400,450, Good, Yes,349,51,Overpriced,420.0,108
474, 10/22/2024 20:04:15, Mesh Dress, Polyester, Evening Glam, Kolkata, Party,1000,1100,1200, Good, Yes,1070,30,Competitive,1100.0,66
475, 10/22/2024 20:06:00, Flannel Pajamas, Cotton, Cozy Comfort, Mumbai, Winter,500,550,600, Good, Yes,795,-245,Underpriced,605.0,69
476, 10/22/2024 20:07:45, Sequin Dress, Satin, Sparkling Look, Delhi, Party,1200,1300,1400, Good, Yes,2479,-1179,Underpriced,1430.0,145
477, 10/22/2024 20:09:30, Lace Blouse, Silk, Feminine Flair, Bangalore, Evening,600,650,700, Good, Yes,279,371,Overpriced,720.0,84
478, 10/22/2024 20:11:15, Knit Sweater, Wool, Winter Warmth, Jaipur, Winter,800,900,1000, Good, Yes,870,30,Competitive,900.0,592
479, 10/22/2024 20:13:00, Track Pants, Polyester, Sports Style, Hyderabad, Sports,400,450,500, Good, Yes,420,30,Competitive,450.0,72
480, 10/22/2024 20:14:45, Crop Top, Cotton, Summer Essential, Surat, Casual,300,350,400, Good, Yes,284,66,Overpriced,360.0,96
481, 10/22/2024 20:16:30, Maxi Dress, Georgette, Flowing Fashion, Pune, Evening,900,1000,1100, Good, Yes,559,441,Overpriced,1080.0,65
482, 10/22/2024 20:18:15, Bomber Vest, Polyester, Sporty Layer, Bangalore, Casual,600,650,700, Good, Yes,407,243,Overpriced,720.0,63
483, 10/22/2024 20:20:00, Wide-Leg Pants, Linen, Elegant Look, Chennai, Casual,500,600,700, Good, Yes,1389,-789,Underpriced,660.0,136
484, 10/22/2024 20:21:45, Romper, Rayon, Playful Style, Delhi, Casual,400,450,500, Good, Yes,498,-48,Underpriced,488.0,76
485, 10/22/2024 20:23:30, Satin Blouse, Silk, Elegant Sheen, Kolkata, Evening,600,700,800, Good, Yes,629,71,Overpriced,720.0,119
486, 10/22/2024 20:25:15, Jogging Suit, Polyester, Sport Comfort, Hyderabad, Sports,800,900,1000, Good, Yes,898,2,Competitive,900.0,89
487, 10/22/2024 20:27:00, Shift Dress, Cotton, Casual Comfort, Pune, Daily,450,500,550, Good, Yes,2446,-1946,Underpriced,550.0,78
488, 10/22/2024 20:28:45, Faux Fur Coat, Wool, Winter Luxury, Jaipur, Winter,1500,1600,1700, Good, Yes,699,901,Overpriced,1800.0,80
489, 10/22/2024 20:30:30, Tie-Dye Shirt, Cotton, Summer Vibes, Surat, Casual,300,350,400, Good, Yes,320,30,Competitive,350.0,103
490, 10/22/2024 20:32:15, Linen Shorts, Linen, Lightweight Fit, Mumbai, Summer,350,400,450, Good, Yes,370,30,Competitive,400.0,60
491, 10/22/2024 20:34:00, Embroidered Kurti, Cotton, Ethnic Wear, Delhi, All time,600,700,800, Good, Yes,1390,-690,Underpriced,770.0,76
492, 10/22/2024 20:35:45, Silk Gown, Silk, Formal Elegance, Bangalore, Wedding,2000,2200,2400, Good, Yes,2328,-128,Underpriced,2318.0,116
493, 10/22/2024 20:37:30, Tapered Trousers, Polyester, Office Look, Hyderabad, Formal,550,600,650, Good, Yes,599,1,Competitive,600.0,95
494, 10/22/2024 20:39:15, Off-Shoulder Blouse, Cotton, Trendy Style, Chennai, Party,400,450,500, Good, Yes,615,-165,Underpriced,495.0,76
495, 10/22/2024 20:41:00, Dungarees, Denim, Playful Look, Kolkata, Casual,500,550,600, Good, Yes,520,30,Competitive,550.0,103
496, 10/22/2024 20:42:45, Parka Jacket, Polyester, Winter Warmth, Pune, Winter,1200,1300,1400, Good, Yes,1799,-499,Underpriced,1430.0,279
497, 10/22/2024 20:44:30, Ruffle Skirt, Georgette, Layered Elegance, Surat, Evening,650,700,750, Good, Yes,699,1,Competitive,700.0,65
498, 10/22/2024 20:46:15, V-Neck Sweater, Wool, Winter Casual, Mumbai, Winter,800,900,1000, Good, Yes,870,30,Competitive,900.0,379
499, 10/22/2024 20:48:00, Cargo Shorts, Cotton, Outdoor Comfort, Jaipur, Casual,400,450,500, Good, Yes,499,-49,Underpriced,489.0,106
500, 10/22/2024 20:49:45, Bell-Bottom Pants, Denim, Retro Style, Bangalore, Casual,600,700,800, Good, Yes,280,420,Overpriced,720.0,78
